fecha,cif_usd,peso_neto_kg,cif_usd_lag_1,cif_usd_lag_2,cif_usd_lag_3,cif_usd_lag_6,cif_usd_lag_12,cif_usd_media_3,cif_usd_media_12,peso_neto_kg_lag_1,peso_neto_kg_lag_2,peso_neto_kg_lag_3,peso_neto_kg_lag_6,peso_neto_kg_lag_12,peso_neto_kg_media_3,peso_neto_kg_media_12,fob_usd_lag_1,flete_usd_lag_1,seguros_usd_lag_1,registros_lag_1,paises_origen_lag_1,capitulos_lag_1,tendencia,mes_sin,mes_cos,trm_cop_usd_lag_1,trm_volatilidad_lag_1,oni_anomalia_lag_1
2012-01-01,903578731.81,749297996.43,,,,,,,,,,,,,,,,,,,,,0,0.49999999999999994,0.8660254037844387,,,
2012-02-01,961026439.93,828969934.71,903578731.81,,,,,,,749297996.43,,,,,,,844140746.92,55749613.2,1885926.45,20717.0,68.0,92.0,1,0.8660254037844386,0.5000000000000001,1842.6505555555557,33.73992127893135,-0.72
2012-03-01,947091021.51,784204947.07,961026439.93,903578731.81,,,,,,828969934.71,749297996.43,,,,,,895316235.29,62603215.16,1496651.32,21713.0,73.0,92.0,2,1.0,6.123233995736766e-17,1783.745,9.36346904899995,-0.57
2012-04-01,913516501.13,649403066.02,947091021.51,961026439.93,903578731.81,,,937232064.4166666,,784204947.07,828969934.71,749297996.43,,,787490959.4033333,,885529384.06,58617320.59,1376245.49,20364.0,73.0,94.0,3,0.8660254037844387,-0.4999999999999998,1767.5118181818182,9.208696529633974,-0.46
2012-05-01,1100253483.6,832133835.27,913516501.13,947091021.51,961026439.93,,,940544654.1899999,,649403066.02,784204947.07,828969934.71,,,754192649.2666668,,855489927.28,54977428.0,1543493.9,20583.0,78.0,94.0,4,0.49999999999999994,-0.8660254037844387,1774.1172222222222,8.116216015995397,-0.36
2012-06-01,1046155149.13,854424658.26,1100253483.6,913516501.13,947091021.51,,,986953668.7466666,,832133835.27,649403066.02,784204947.07,,,755247282.7866668,,1027355517.38,69486636.57,1673211.31,23646.0,73.0,93.0,5,1.2246467991473532e-16,-1.0,1790.9135,32.18788204065547,-0.17
2012-07-01,1044248850.44,823341109.38,1046155149.13,1100253483.6,913516501.13,903578731.81,,1019975044.6199999,,854424658.26,832133835.27,649403066.02,749297996.43,,778653853.1833334,,973646147.93,68871143.08,1551609.58,24070.0,79.0,92.0,6,-0.4999999999999997,-0.8660254037844388,1792.2315,19.40714091988325,0.06
2012-08-01,1120812736.09,862222676.65,1044248850.44,1046155149.13,1100253483.6,961026439.93,,1063552494.39,,823341109.38,854424658.26,832133835.27,828969934.71,,836633200.9699999,,971349816.36,69723581.48,1608052.85,25218.0,77.0,91.0,7,-0.8660254037844385,-0.5000000000000004,1785.141111111111,7.858660182835299,0.3
2012-09-01,970375778.79,712659960.15,1120812736.09,1044248850.44,1046155149.13,947091021.51,,1070405578.5533333,,862222676.65,823341109.38,854424658.26,784204947.07,,846662814.7633333,,1043783581.38,73153493.98,1873603.44,27579.0,83.0,93.0,8,-1.0,-1.8369701987210297e-16,1806.340952380952,17.010609308535066,0.41
2012-10-01,1031955472.63,715221765.25,970375778.79,1120812736.09,1044248850.44,913516501.13,,1045145788.4399999,,712659960.15,862222676.65,823341109.38,649403066.02,,799407915.3933333,,905024689.17,61973223.19,1474924.37,27069.0,74.0,93.0,9,-0.8660254037844386,0.5000000000000001,1801.948,9.1509134430452,0.41
2012-11-01,1069550358.15,949598508.19,1031955472.63,970375778.79,1120812736.09,1100253483.6,,1041047995.8366666,,715221765.25,712659960.15,862222676.65,832133835.27,,763368134.0166665,,965197382.51,63268919.37,1593771.61,29169.0,73.0,93.0,10,-0.5000000000000004,0.8660254037844384,1805.6735,11.797499411672828,0.31
2012-12-01,929045303.38,710814219.49,1069550358.15,1031955472.63,970375778.79,1046155149.13,,1023960536.5233332,,949598508.19,715221765.25,712659960.15,854424658.26,,792493411.1966667,,998362095.59,67403378.99,1895488.84,25790.0,78.0,90.0,11,-2.4492935982947064e-16,1.0,1820.5263157894735,4.991597618360832,0.13
2013-01-01,1008129464.59,849687870.45,929045303.38,1069550358.15,1031955472.63,1044248850.44,903578731.81,1010183711.3866667,1003134152.2158333,710814219.49,949598508.19,715221765.25,823341109.38,749297996.43,791878164.31,789357723.0725001,867067882.99,56980751.67,1528663.14,23703.0,78.0,92.0,12,0.49999999999999994,0.8660254037844387,1793.939,14.538767014977063,-0.1
2013-02-01,902330763.33,745695885.8199999,1008129464.59,929045303.38,1069550358.15,1120812736.09,961026439.93,1002241708.7066666,1011846713.2808334,849687870.45,710814219.49,949598508.19,862222676.65,828969934.71,836700199.3766667,797723545.9074999,945798821.56,59170019.8,1517243.57,24530.0,80.0,92.0,13,0.8660254037844386,0.5000000000000001,1770.2257894736842,7.243942539030194,-0.29
2013-03-01,840500207.81,588586867.36,902330763.33,1008129464.59,929045303.38,970375778.79,947091021.51,946501843.7666668,1006955406.8975,745695885.8199999,849687870.45,710814219.49,712659960.15,784204947.07,768732658.5866666,790784041.8333334,842896734.9000001,56504242.0,1416188.25,23408.0,76.0,92.0,14,1.0,6.123233995736766e-17,1791.794210526316,12.136659029471986,-0.29
2013-04-01,1059222815.78,915051154.58,840500207.81,902330763.33,1008129464.59,1031955472.63,913516501.13,916986811.91,998072839.0891666,588586867.36,745695885.8199999,849687870.45,715221765.25,649403066.02,727990207.8766667,774482535.1908334,790553044.9,47349680.96,1371703.65,21715.0,76.0,94.0,15,0.8660254037844387,-0.4999999999999998,1811.0663157894735,10.361310626302863,-0.21
2013-05-01,1089774213.54,777654800.42,1059222815.78,840500207.81,902330763.33,1069550358.15,1100253483.6,934017928.9733334,1010215031.9766668,915051154.58,588586867.36,745695885.8199999,949598508.19,832133835.27,749777969.2533332,796619875.9041667,983929926.1,61189291.6,12457348.95,25526.0,82.0,92.0,16,0.49999999999999994,-0.8660254037844387,1829.850476190476,9.391012978476024,-0.19
2013-06-01,979689515.62,760885312.11,1089774213.54,1059222815.78,840500207.81,929045303.38,1046155149.13,996499079.0433334,1009341759.4716667,777654800.42,915051154.58,588586867.36,710814219.49,854424658.26,760430940.7866668,792079956.3333334,1028902014.56,57549132.4,1568522.42,25818.0,80.0,92.0,17,1.2246467991473532e-16,-1.0,1848.924,22.713537210914133,-0.27
2013-07-01,1066708668.62,887859259.87,979689515.62,1089774213.54,1059222815.78,1008129464.59,1044248850.44,1042895514.98,1003802956.6791667,760885312.11,777654800.42,915051154.58,849687870.45,823341109.38,817863755.7033334,784285010.8208333,922655042.47,53948936.54,1501111.42,24689.0,81.0,93.0,18,-0.4999999999999997,-0.8660254037844388,1910.5221052631575,18.6669093969181,-0.34
2013-08-01,1098406224.29,920562573.17,1066708668.62,979689515.62,1089774213.54,902330763.33,1120812736.09,1045390799.2599999,1005674608.1941667,887859259.87,760885312.11,777654800.42,745695885.8199999,862222676.65,808799790.8000001,789661523.3616667,1003612320.19,59862790.89,1606240.62,28617.0,77.0,95.0,19,-0.8660254037844385,-0.5000000000000004,1898.4265,17.7155204849484,-0.35
2013-09-01,1007767111.77,838617445.14,1098406224.29,1066708668.62,979689515.62,840500207.81,970375778.79,1048268136.1766666,1003807398.8775,920562573.17,887859259.87,760885312.11,588586867.36,712659960.15,856435715.0500001,794523181.4050001,1032929261.04,62012543.0,1664609.21,28694.0,79.0,95.0,20,-1.0,-1.8369701987210297e-16,1905.168571428572,24.132322782051823,-0.28
2013-10-01,1126678412.53,891542713.59,1007767111.77,1098406224.29,1066708668.62,1059222815.78,1031955472.63,1057627334.8933334,1006923343.2925,838617445.14,920562573.17,887859259.87,915051154.58,715221765.25,882346426.06,805019638.4875001,946980994.67,57648871.21,1471194.27,28288.0,76.0,93.0,21,-0.8660254037844386,0.5000000000000001,1917.7094736842107,22.06670077381156,-0.21
2013-11-01,927851465.23,730838054.07,1126678412.53,1007767111.77,1098406224.29,1089774213.54,1069550358.15,1077617249.53,1014816921.6175,891542713.59,838617445.14,920562573.17,777654800.42,949598508.19,883574243.9666667,819713050.8491668,1061632340.12,61395186.57,1763349.28,33058.0,78.0,93.0,22,-0.5000000000000004,0.8660254037844384,1885.9145454545453,6.396807036306291,-0.13
2013-12-01,975050386.58,773516433.76,927851465.23,1126678412.53,1007767111.77,979689515.62,929045303.38,1020765663.1766666,1003008680.5408335,730838054.07,891542713.59,838617445.14,760885312.11,710814219.49,820332737.6,801483013.0058333,875498835.55,49451846.23,1333606.49,26984.0,74.0,94.0,23,-2.4492935982947064e-16,1.0,1922.333157894737,11.292638729441506,-0.1
2014-01-01,1001571824.47,767264708.82,975050386.58,927851465.23,1126678412.53,1066708668.62,1008129464.59,1009860088.1133333,1006842437.4741668,773516433.76,730838054.07,891542713.59,887859259.87,849687870.45,798632400.4733334,806708197.5283333,917579432.67,54240362.4,1532601.73,29807.0,75.0,92.0,24,0.49999999999999994,0.8660254037844387,1934.187,7.605117459904716,-0.15
2014-02-01,967939414.67,778561958.8,1001571824.47,975050386.58,927851465.23,1098406224.29,902330763.33,968157892.0933334,1006295967.4641666,767264708.82,773516433.76,730838054.07,920562573.17,745695885.8199999,757206398.8833333,799839600.7258333,940867160.47,57470086.23,1470049.03,26580.0,83.0,92.0,25,0.8660254037844386,0.5000000000000001,1962.3073684210528,32.26357558233009,-0.28
2014-03-01,1037697595.05,1015584341.55,967939414.67,1001571824.47,975050386.58,1007767111.77,840500207.81,981520541.9066668,1011763355.0758333,778561958.8,767264708.82,773516433.76,838617445.14,588586867.36,773114367.1266667,802578440.1408334,906588040.46,58100816.08,1663621.62,26803.0,72.0,93.0,26,1.0,6.123233995736766e-17,2041.4478947368425,9.871111937223318,-0.32
2014-04-01,1152617131.58,1139970953.61,1037697595.05,967939414.67,1001571824.47,1126678412.53,1059222815.78,1002402944.73,1028196470.6791667,1015584341.55,778561958.8,767264708.82,891542713.59,915051154.58,853803669.7233334,838161562.9900001,970907871.73,63640534.24,1441115.8,26273.0,86.0,92.0,27,0.8660254037844387,-0.4999999999999998,2022.193,30.730692201086097,-0.14
2014-05-01,1336612759.02,1116641946.28,1152617131.58,1037697595.05,967939414.67,927851465.23,1089774213.54,1052751380.4333333,1035979330.3291665,1139970953.61,1015584341.55,778561958.8,730838054.07,777654800.42,978039084.6533332,856904879.5758333,1081880921.68,67232104.97,1653107.73,29407.0,81.0,91.0,28,0.49999999999999994,-0.8660254037844387,1939.2665,15.61281871277248,0.15
2014-06-01,1026883161.85,851542249.54,1336612759.02,1152617131.58,1037697595.05,975050386.58,979689515.62,1175642495.2166667,1056549209.1191667,1116641946.28,1139970953.61,1015584341.55,773516433.76,760885312.11,1090732413.8133333,885153808.3975,1222532586.16,109545956.91,1904404.75,31276.0,83.0,93.0,29,1.2246467991473532e-16,-1.0,1915.2238095238092,9.908746376908804,0.31
2014-07-01,1310355051.57,930688766.66,1026883161.85,1336612759.02,1152617131.58,1001571824.47,1066708668.62,1172037684.1499999,1060482012.9716667,851542249.54,1116641946.28,1139970953.61,767264708.82,887859259.87,1036051716.4766665,892708553.1833334,966750007.47,57019026.42,1443128.86,26485.0,83.0,91.0,30,-0.4999999999999997,-0.8660254037844388,1887.0155555555557,7.176997751986969,0.23
2014-08-01,1146384481.44,907671708.84,1310355051.57,1026883161.85,1336612759.02,967939414.67,1098406224.29,1224616990.8133333,1080785878.2175,930688766.66,851542249.54,1116641946.28,778561958.8,920562573.17,966290987.4933333,896277678.7491666,1235929776.18,70391882.77,1938828.27,36712.0,87.0,93.0,31,-0.8660254037844385,-0.5000000000000004,1857.764285714286,8.871554300926434,0.1
2014-09-01,1163365860.48,897461281.36,1146384481.44,1310355051.57,1026883161.85,1037697595.05,1007767111.77,1161207564.9533334,1084784066.3133333,907671708.84,930688766.66,851542249.54,1015584341.55,838617445.14,896634241.68,895203440.055,1075987276.2,66864051.1,1664192.65,32324.0,87.0,91.0,32,-1.0,-1.8369701987210297e-16,1900.052,21.836260427868304,0.11
2014-10-01,1292792897.9,948809739.11,1163365860.48,1146384481.44,1310355051.57,1152617131.58,1126678412.53,1206701797.8300002,1097750628.7058332,897461281.36,907671708.84,930688766.66,1139970953.61,891542713.59,911940585.62,900107093.0733333,1093733586.06,65826824.65,1792680.78,34866.0,83.0,92.0,33,-0.8660254037844386,0.5000000000000001,1976.613,31.533875035219413,0.28
2014-11-01,1116782113.49,822604403.64,1292792897.9,1163365860.48,1146384481.44,1336612759.02,927851465.23,1200847746.6066668,1111593502.4866667,948809739.11,897461281.36,907671708.84,1116641946.28,730838054.07,917980909.7700001,904879345.1999999,1215861880.8,72730958.11,2116720.72,36035.0,83.0,93.0,34,-0.5000000000000004,0.8660254037844384,2047.031363636364,16.267397806203736,0.54
2014-12-01,1052997032.31,743601790.67,1116782113.49,1292792897.9,1163365860.48,1026883161.85,975050386.58,1190980290.6233332,1127337723.175,822604403.64,948809739.11,897461281.36,851542249.54,773516433.76,889625141.37,912526540.9975,1046058085.7,67335675.04,1623653.68,31458.0,87.0,95.0,35,-2.4492935982947064e-16,1.0,2131.078823529412,39.93190686693307,0.71
2015-01-01,1034495637.25,1017868538.45,1052997032.31,1116782113.49,1292792897.9,1310355051.57,1001571824.47,1154190681.2333333,1133833276.9858334,743601790.67,822604403.64,948809739.11,930688766.66,767264708.82,838338644.4733334,910033654.0733333,984471962.47,65019093.56,1547098.04,33681.0,80.0,88.0,36,0.49999999999999994,0.8660254037844387,2351.1295,54.75169533304072,0.77
2015-02-01,997053006.43,811596007.93,1034495637.25,1052997032.31,1116782113.49,1146384481.44,967939414.67,1068091594.35,1136576928.0508335,1017868538.45,743601790.67,822604403.64,907671708.84,778561958.8,861358244.2533334,930917306.5425,965835499.21,65490693.94,1419798.65,27860.0,87.0,90.0,37,0.8660254037844386,0.5000000000000001,2400.972631578948,28.667758281949343,0.69
2015-03-01,1018253601.5,892228984.95,997053006.43,1034495637.25,1052997032.31,1163365860.48,1037697595.05,1028181891.9966666,1139003060.6975,811596007.93,1017868538.45,743601790.67,897461281.36,1015584341.55,857688779.0166668,933670143.9699999,936026059.37,57821313.8,1469377.21,30368.0,83.0,93.0,38,1.0,6.123233995736766e-17,2425.6494736842105,47.16347910002724,0.61
2015-04-01,986316894.98,864547972.0899999,1018253601.5,997053006.43,1034495637.25,1292792897.9,1152617131.58,1016600748.3933333,1137382727.9016666,892228984.95,811596007.93,1017868538.45,948809739.11,1139970953.61,907231177.11,923390530.92,954006672.05,60918090.61,1486147.84,30901.0,80.0,93.0,39,0.8660254037844387,-0.4999999999999998,2591.058,49.46028897270179,0.65
2015-05-01,962042113.29,1048827530.36,986316894.98,1018253601.5,997053006.43,1116782113.49,1336612759.02,1000541167.6366667,1123524374.8516667,864547972.0899999,892228984.95,811596007.93,822604403.64,1116641946.28,856124321.6566666,900438615.7933334,928058177.37,55192444.37,1376117.13,26141.0,78.0,92.0,40,0.49999999999999994,-0.8660254037844387,2495.364,54.02110127679643,0.81
2015-06-01,893874528.65,791405341.83,962042113.29,986316894.98,1018253601.5,1052997032.31,1026883161.85,988870869.9233333,1092310154.3741667,1048827530.36,864547972.0899999,892228984.95,743601790.67,851542249.54,935201495.8000001,894787414.4666667,904688415.59,54267940.25,1471860.19,27519.0,82.0,92.0,41,1.2246467991473532e-16,-1.0,2440.853157894737,71.08441187557165,1.02
2015-07-01,1035131227.63,937738618.09,893874528.65,962042113.29,986316894.98,1034495637.25,1310355051.57,947411178.9733334,1081226101.6074998,791405341.83,1048827530.36,864547972.0899999,1017868538.45,930688766.66,901593614.7599999,889776005.4908333,845987871.56,44689299.02,1384158.81,29831.0,80.0,93.0,42,-0.4999999999999997,-0.8660254037844388,2556.116666666667,25.031880143717007,1.25
2015-08-01,969598898.97,988817567.42,1035131227.63,893874528.65,962042113.29,997053006.43,1146384481.44,963682623.19,1058290782.9458333,937738618.09,791405341.83,1048827530.36,811596007.93,907671708.84,925990496.7600001,890363493.11,981369462.9,50143040.96,1480393.76,36352.0,82.0,92.0,43,-0.8660254037844385,-0.5000000000000004,2731.903181818182,86.64937959750212,1.57
2015-09-01,926651390.45,918317833.96,969598898.97,1035131227.63,893874528.65,1018253601.5,1163365860.48,966201551.75,1043558651.0733333,988817567.42,937738618.09,791405341.83,892228984.95,897461281.36,905987175.7800001,897125647.9916667,918797076.84,47439300.32,1533388.71,33851.0,77.0,90.0,44,-1.0,-1.8369701987210297e-16,3023.2894736842104,117.41633605222844,1.91
2015-10-01,931333443.15,930910184.48,926651390.45,969598898.97,1035131227.63,986316894.98,1292792897.9,977127172.35,1023832445.2375001,918317833.96,988817567.42,937738618.09,864547972.0899999,948809739.11,948291339.8233334,898863694.0416666,877905640.17,45497492.41,1372481.64,34182.0,85.0,94.0,45,-0.8660254037844386,0.5000000000000001,3071.19,54.34958297908093,2.21
2015-11-01,862356992.78,852536054.33,931333443.15,926651390.45,969598898.97,962042113.29,1116782113.49,942527910.8566666,993710824.0083333,930910184.48,918317833.96,988817567.42,1048827530.36,822604403.64,946015195.2866668,897372064.4891667,880707887.65,47638024.85,1267677.35,32717.0,77.0,90.0,46,-0.5000000000000004,0.8660254037844384,2936.030909090909,57.70122074379953,2.47
2015-12-01,830515999.73,831513938.86,862356992.78,931333443.15,926651390.45,893874528.65,1052997032.31,906780608.7933334,972508730.6158334,852536054.33,930910184.48,918317833.96,791405341.83,743601790.67,900588024.2566667,899866368.7133335,820129134.99,39458334.57,1175410.68,30039.0,79.0,92.0,47,-2.4492935982947064e-16,1.0,3000.20625,106.4452393095466,2.64
2016-01-01,826659229.26,987691544.63,830515999.73,862356992.78,931333443.15,1035131227.63,1034495637.25,874735478.5533333,953968644.5675,831513938.86,852536054.33,930910184.48,937738618.09,1017868538.45,871653392.5566667,907192381.0625,787657781.73,39909351.77,1329343.68,31007.0,83.0,94.0,48,0.49999999999999994,0.8660254037844387,3244.505238095238,80.48495049504882,2.75
2016-02-01,784883258.64,883145268.92,826659229.26,830515999.73,862356992.78,969598898.97,997053006.43,839844073.9233333,936648943.9016666,987691544.63,831513938.86,852536054.33,988817567.42,811596007.93,890580512.6066666,904677631.5775,785158140.17,38673292.02,1217158.11,27894.0,75.0,94.0,49,0.8660254037844386,0.5000000000000001,3291.136111111111,55.37689974315472,2.63
2016-03-01,869143227.1500001,1002858642.22,784883258.64,826659229.26,830515999.73,926651390.45,1018253601.5,814019495.8766667,918968131.5858334,883145268.92,987691544.63,831513938.86,918317833.96,892228984.95,900783584.1366667,910640069.9933333,743420596.66,38796662.29,1116579.39,27564.0,86.0,91.0,50,1.0,6.123233995736766e-17,3358.444210526316,39.85315285391675,2.28
2016-04-01,885384810.98,1269413292.82,869143227.1500001,784883258.64,826659229.26,931333443.15,986316894.98,826895238.35,906542267.0566667,1002858642.22,883145268.92,987691544.63,930910184.48,864547972.0899999,957898485.2566667,919859208.0991668,822485795.96,43755400.93,1166932.37,29084.0,82.0,91.0,51,0.8660254037844387,-0.4999999999999998,3145.2575,79.70470030880124,1.71
2016-05-01,872555446.19,865300389.95,885384810.98,869143227.1500001,784883258.64,862356992.78,962042113.29,846470432.2566667,898131260.0566667,1269413292.82,1002858642.22,883145268.92,852536054.33,1048827530.36,1051805734.6533333,953597984.8266667,840284169.73,42284849.49,1133251.27,25623.0,85.0,92.0,52,0.49999999999999994,-0.8660254037844387,2992.005,72.51987607677277,1.05
2016-06-01,851174551.54,701645081.22,872555446.19,885384810.98,869143227.1500001,830515999.73,893874528.65,875694494.7733334,890674037.7983333,865300389.95,1269413292.82,1002858642.22,831513938.86,791405341.83,1045857441.6633333,938304056.4591666,833653072.24,36052840.03,1259159.93,31203.0,82.0,94.0,53,1.2246467991473532e-16,-1.0,2995.604736842105,65.41122120591479,0.49
2016-07-01,848300517.02,766335597.13,851174551.54,872555446.19,885384810.98,826659229.26,1035131227.63,869704936.2366667,887115706.3725001,701645081.22,865300389.95,1269413292.82,987691544.63,937738618.09,945452921.3299999,930824034.7416667,808590663.78,39557023.07,1208963.42,35251.0,81.0,95.0,54,-0.4999999999999997,-0.8660254037844388,2991.681428571429,60.27099470605355,0.0
2016-08-01,1016524686.17,1011229668.9,848300517.02,851174551.54,872555446.19,784883258.64,969598898.97,857343504.9166666,871546480.4883333,766335597.13,701645081.22,865300389.95,883145268.92,988817567.42,777760356.0999999,916540449.6616668,800962721.62,44552470.73,1144999.85,33361.0,80.0,93.0,55,-0.8660254037844385,-0.5000000000000004,2969.876,60.52170523217724,-0.31
2016-09-01,967376808.69,975653157.19,1016524686.17,848300517.02,851174551.54,869143227.1500001,926651390.45,905333251.5766667,875456962.7550001,1011229668.9,766335597.13,701645081.22,1002858642.22,918317833.96,826403449.0833334,918408124.785,954993679.12,58215324.4,1338823.31,39595.0,85.0,94.0,56,-1.0,-1.8369701987210297e-16,2958.2042857142856,78.17983074754157,-0.5
2016-10-01,887479283.6,938954892.01,967376808.69,1016524686.17,848300517.02,885384810.98,931333443.15,944067337.2933334,878850747.6083332,975653157.19,1011229668.9,766335597.13,1269413292.82,930910184.48,917739474.4066666,923186068.3875002,915689958.72,48525564.78,1395783.92,36437.0,89.0,93.0,57,-0.8660254037844386,0.5000000000000001,2919.4114285714286,41.40720013303415,-0.58
2016-11-01,929932302.69,979119250.34,887479283.6,967376808.69,1016524686.17,872555446.19,862356992.78,957126926.1533333,875196234.3125,938954892.01,975653157.19,1011229668.9,865300389.95,852536054.33,975279239.3666664,923856460.6816667,837289004.45,47369782.62,1191538.98,34023.0,85.0,92.0,58,-0.5000000000000004,0.8660254037844384,2933.5884210526315,24.15780993181604,-0.64
2016-12-01,902442162.03,796833162.75,929932302.69,887479283.6,967376808.69,851174551.54,830515999.73,928262798.3266667,880827510.1383333,979119250.34,938954892.01,975653157.19,701645081.22,831513938.86,964575766.5133333,934405060.3491665,878199380.79,48609734.67,1378603.15,36366.0,81.0,93.0,59,-2.4492935982947064e-16,1.0,3102.213888888889,63.41906469146214,-0.6
2017-01-01,892316344.08,903126754.75,902442162.03,929932302.69,887479283.6,848300517.02,826659229.26,906617916.1066667,886821356.9966666,796833162.75,979119250.34,938954892.01,766335597.13,987691544.63,904969101.6999999,931514995.6733333,851710181.73,47607869.75,1281578.27,39658.0,87.0,94.0,60,0.49999999999999994,0.8660254037844387,3010.174,31.94863713426362,-0.45
2017-02-01,936546873.45,1090596433.78,892316344.08,902442162.03,929932302.69,1016524686.17,784883258.64,908230269.6,892292783.2316666,903126754.75,796833162.75,979119250.34,1011229668.9,883145268.92,893026389.2799999,924467929.8499999,843416965.04,45944368.16,1189664.95,33599.0,81.0,94.0,61,0.8660254037844386,0.5000000000000001,2938.898888888889,19.337822095538357,-0.19
2017-03-01,962533571.41,1114849057.97,936546873.45,892316344.08,902442162.03,967376808.69,869143227.1500001,910435126.5200001,904931417.7991667,1090596433.78,903126754.75,796833162.75,975653157.19,1002858642.22,930185450.4266666,941755526.9216666,881033830.82,52747261.39,1180882.4,33067.0,84.0,94.0,62,1.0,6.123233995736766e-17,2880.5705263157893,19.39817673954732,-0.02
2017-04-01,899930204.51,1070938707.65,962533571.41,936546873.45,892316344.08,887479283.6,885384810.98,930465596.3133334,912713946.4875001,1114849057.97,1090596433.78,903126754.75,938954892.01,1269413292.82,1036190748.8333334,951088061.5675,907296591.52,52497853.63,1167256.06,30292.0,83.0,92.0,63,0.8660254037844387,-0.4999999999999998,2943.494545454545,38.14942472602177,0.18
2017-05-01,799523424.9,672119664.11,899930204.51,962533571.41,936546873.45,929932302.69,872555446.19,933003549.79,913926062.6149999,1070938707.65,1114849057.97,1090596433.78,979119250.34,865300389.95,1092128066.4666665,934548512.8033334,850981577.3,46248201.47,1125831.04,30256.0,84.0,91.0,64,0.49999999999999994,-0.8660254037844387,2877.456842105263,30.811855772418927,0.31
2017-06-01,977166413.73,950357449.64,799523424.9,899930204.51,962533571.41,902442162.03,851174551.54,887329066.9399999,907840060.8408333,672119664.11,1070938707.65,1114849057.97,796833162.75,701645081.22,952635809.91,918450118.9833332,760157162.87,37045264.83,963989.21,32791.0,82.0,92.0,65,1.2246467991473532e-16,-1.0,2922.8025,28.92023401575977,0.4
2017-07-01,863888802.86,762061464.15,977166413.73,799523424.9,899930204.51,892316344.08,848300517.02,892206681.0466667,918339382.6899999,950357449.64,672119664.11,1070938707.65,903126754.75,766335597.13,897805273.8000001,939176149.6850001,921876959.41,52024628.4,1316137.37,44452.0,86.0,93.0,66,-0.4999999999999997,-0.8660254037844388,2958.3635,57.93356269991738,0.39
2017-08-01,953035684.56,882355962.75,863888802.86,977166413.73,799523424.9,936546873.45,1016524686.17,880192880.4966666,919638406.5099999,762061464.15,950357449.64,672119664.11,1090596433.78,1011229668.9,794846192.6333332,938819971.9366666,816822669.09,44256220.95,1196537.49,42011.0,87.0,94.0,67,-0.8660254037844385,-0.5000000000000004,3038.108888888889,28.97980755201168,0.19
2017-09-01,921309597.1,848689989.77,953035684.56,863888802.86,977166413.73,962533571.41,967376808.69,931363633.7166667,914347656.3758334,882355962.75,762061464.15,950357449.64,1114849057.97,975653157.19,864924958.8466667,928080496.4241667,897035278.88,51838245.45,1567600.67,39754.0,86.0,92.0,68,-1.0,-1.8369701987210297e-16,2972.6242857142856,22.257331729438764,-0.07
2017-10-01,900622269.17,809600032.08,921309597.1,953035684.56,863888802.86,899930204.51,887479283.6,912744694.84,910508722.0766667,848689989.77,882355962.75,762061464.15,1070938707.65,938954892.01,831035805.5566667,917500232.4724998,868049268.2,49090323.67,1157441.52,35025.0,85.0,91.0,69,-0.8660254037844386,0.5000000000000001,2918.52,15.71838763995855,-0.34
2017-11-01,886125133.26,870477441.39,900622269.17,921309597.1,953035684.56,799523424.9,929932302.69,924989183.61,911603970.8741666,809600032.08,848689989.77,882355962.75,672119664.11,979119250.34,846881994.8666667,906720660.8116668,849581668.22,47073847.48,1109408.43,35090.0,91.0,92.0,70,-0.5000000000000004,0.8660254037844384,2956.702631578947,28.044311136744085,-0.6
2017-12-01,834990473.95,701763397.66,886125133.26,900622269.17,921309597.1,977166413.73,902442162.03,902685666.5099999,907953373.4216666,870477441.39,809600032.08,848689989.77,950357449.64,796833162.75,842922487.7466666,897667176.7325001,833457495.52,49097638.4,1221523.52,37846.0,82.0,93.0,71,-2.4492935982947064e-16,1.0,3014.7768421052638,21.78835546612264,-0.77
2018-01-01,931335898.77,946202492.81,834990473.95,886125133.26,900622269.17,863888802.86,892316344.08,873912625.46,902332399.4150001,701763397.66,870477441.39,809600032.08,762061464.15,903126754.75,793946957.0433334,889744696.3083334,787312206.1,44471675.49,1111485.75,36530.0,82.0,92.0,72,0.49999999999999994,0.8660254037844387,2991.416842105263,21.292184025712157,-0.86
2018-02-01,846594967.27,761944887.02,931335898.77,834990473.95,886125133.26,953035684.56,936546873.45,884150501.9933333,905584028.9725,946202492.81,701763397.66,870477441.39,882355962.75,1090596433.78,839481110.62,893334341.1466666,878323584.51,50069236.67,1121771.2,36381.0,81.0,93.0,73,0.8660254037844386,0.5000000000000001,2862.182105263158,38.77046851219325,-0.77
2018-03-01,898096019.63,935724217.74,846594967.27,931335898.77,834990473.95,921309597.1,962533571.41,870973779.9966668,898088036.7908334,761944887.02,946202492.81,701763397.66,848689989.77,1114849057.97,803303592.4966666,865946712.25,801454538.28,42282825.18,1101288.58,30830.0,75.0,91.0,74,1.0,6.123233995736766e-17,2860.355789473684,28.05385145192277,-0.71
2018-04-01,1043429951.84,1096780268.21,898096019.63,846594967.27,931335898.77,900622269.17,899930204.51,892008961.89,892718240.8091668,935724217.74,761944887.02,946202492.81,809600032.08,1070938707.65,881290532.5233334,851019642.2308334,846261458.39,48914343.13,1130997.89,32515.0,87.0,92.0,75,0.8660254037844387,-0.4999999999999998,2848.8645,27.300480904767607,-0.57
2018-05-01,997314519.85,914365956.19,1043429951.84,898096019.63,846594967.27,886125133.26,799523424.9,929373646.2466666,904676553.0866667,1096780268.21,935724217.74,761944887.02,870477441.39,672119664.11,931483124.3233334,853173105.6108332,987028672.1,53017047.510000005,1182638.33,33935.0,87.0,91.0,76,0.49999999999999994,-0.8660254037844387,2765.2345,38.156618722948025,-0.39
2018-06-01,1056184777.51,896802469.47,997314519.85,1043429951.84,898096019.63,834990473.95,977166413.73,979613497.1066666,921159144.3325,914365956.19,1096780268.21,935724217.74,701763397.66,950357449.64,982290147.3800001,873360296.6175,950004669.15,44050694.48,1193422.5,35056.0,88.0,92.0,77,1.2246467991473532e-16,-1.0,2861.7445,30.56894906772669,-0.13
2018-07-01,1067653728.86,949254485.24,1056184777.51,997314519.85,1043429951.84,931335898.77,863888802.86,1032309749.7333332,927744007.9808332,896802469.47,914365956.19,1096780268.21,946202492.81,762061464.15,969316231.29,868897381.6033334,1008673621.78,44145296.36,1266235.19,37189.0,87.0,92.0,78,-0.4999999999999997,-0.8660254037844388,2895.1025,38.25408087965713,0.06
2018-08-01,1170291159.11,1052599522.44,1067653728.86,1056184777.51,997314519.85,846594967.27,953035684.56,1040384342.0733333,944724418.4808334,949254485.24,896802469.47,914365956.19,761944887.02,882355962.75,920140970.3000001,884496800.0275,1014904863.33,49124453.11,1236227.27,39768.0,86.0,92.0,79,-0.8660254037844385,-0.5000000000000004,2881.692222222222,11.567543109700129,0.14
2018-09-01,936675328.95,708594357.8199999,1170291159.11,1067653728.86,1056184777.51,898096019.63,921309597.1,1098043221.8266666,962829041.36,1052599522.44,949254485.24,896802469.47,935724217.74,848689989.77,966218825.7166667,898683763.335,1106920883.16,58217466.46,1359713.07,41983.0,96.0,92.0,80,-1.0,-1.8369701987210297e-16,2959.57,50.39010537794123,0.27
2018-10-01,1223975355.96,936557708.52,936675328.95,1170291159.11,1067653728.86,1043429951.84,900622269.17,1058206738.9733334,964109519.0141667,708594357.8199999,1052599522.44,949254485.24,1096780268.21,809600032.08,903482788.5,887009127.3391666,887242606.4300001,44746034.6,1135130.81,34155.0,90.0,90.0,81,-0.8660254037844386,0.5000000000000001,3033.7560000000003,39.23204858007624,0.53
2018-11-01,1044385176.75,934453610.62,1223975355.96,936675328.95,1170291159.11,997314519.85,886125133.26,1110313948.006667,991055609.58,936557708.52,708594357.8199999,1052599522.44,914365956.19,870477441.39,899250529.5933332,897588933.7091665,1156056431.66,62318573.02,1478157.28,46305.0,96.0,92.0,82,-0.5000000000000004,0.8660254037844384,3088.3515,62.598739038502224,0.81
2018-12-01,923300950.72,766561393.98,1044385176.75,1223975355.96,936675328.95,1056184777.51,834990473.95,1068345287.2199999,1004243946.5375,934453610.62,936557708.52,708594357.8199999,896802469.47,701763397.66,859868558.9866667,902920281.145,984056179.54,55686473.42,1505122.5,38396.0,86.0,91.0,83,-2.4492935982947064e-16,1.0,3198.226842105263,35.9529204582002,0.97
2019-01-01,1045976840.8,1130167441.59,923300950.72,1044385176.75,1223975355.96,1067653728.86,931335898.77,1063887161.1433334,1011603152.935,766561393.98,934453610.62,936557708.52,949254485.24,946202492.81,879190904.3733333,908320114.1716666,869773433.27,49764067.97,1104732.1,38482.0,82.0,92.0,84,0.49999999999999994,0.8660254037844387,3212.4835,44.7968974812699,0.92
2019-02-01,962048587.2,825004668.8199999,1045976840.8,923300950.72,1044385176.75,1170291159.11,846594967.27,1004554322.7566667,1021156564.7708334,1130167441.59,766561393.98,934453610.62,1052599522.44,761944887.02,943727482.0633334,923650526.57,980204911.94,60504171.65,1303082.14,38774.0,88.0,93.0,85,0.8660254037844386,0.5000000000000001,3159.464736842105,36.194328188025,0.89
2019-03-01,976185635.76,907856781.88,962048587.2,1045976840.8,923300950.72,936675328.95,898096019.63,977108792.9066668,1030777699.765,825004668.8199999,1130167441.59,766561393.98,708594357.8199999,935724217.74,907244501.4633335,928905508.3866667,908238319.26,50372468.22,1168735.44,35807.0,84.0,92.0,86,1.0,6.123233995736766e-17,3113.7684210526318,19.826491610737463,0.86
2019-04-01,1025420669.72,986468902.55,976185635.76,962048587.2,1045976840.8,1223975355.96,1043429951.84,994737021.2533334,1037285167.7758332,907856781.88,825004668.8199999,1130167441.59,936557708.52,1096780268.21,954342964.0966667,926583222.065,920290045.51,52176270.42,1249762.28,33350.0,81.0,91.0,87,0.8660254037844387,-0.4999999999999998,3127.690952380952,35.65969796629825,0.84
2019-05-01,1050638634.07,931034144.6,1025420669.72,976185635.76,962048587.2,1044385176.75,997314519.85,987884964.2266668,1035784394.2658333,986468902.55,907856781.88,825004668.8199999,934453610.62,914365956.19,906443451.0833334,917390608.2599999,970067305.7,51095538.6,1296532.15,34913.0,85.0,92.0,88,0.49999999999999994,-0.8660254037844387,3154.190526315789,46.36736321950843,0.77
2019-06-01,947650432.63,926806817.22,1050638634.07,1025420669.72,976185635.76,923300950.72,1056184777.51,1017414979.85,1040228070.4508333,931034144.6,986468902.55,907856781.88,766561393.98,896802469.47,941786609.6766666,918779623.9608334,993251020.15,53402000.43,1202887.99,38275.0,83.0,92.0,89,1.2246467991473532e-16,-1.0,3308.1866666666665,43.608443486707024,0.64
2019-07-01,1099669718.82,969000409.96,947650432.63,1050638634.07,1025420669.72,1045976840.8,1067653728.86,1007903245.4733334,1031183541.7108334,926806817.22,931034144.6,986468902.55,1130167441.59,949254485.24,948103288.1233333,921279986.2733332,893088209.73,50900388.63,1178346.45,36431.0,83.0,92.0,90,-0.4999999999999997,-0.8660254037844388,3253.368947368421,50.34756773279315,0.52
2019-08-01,1194486070.26,1281114247.46,1099669718.82,947650432.63,1050638634.07,962048587.2,1170291159.11,1032652928.5066667,1033851540.8741666,969000409.96,926806817.22,931034144.6,825004668.8199999,1052599522.44,942280457.2600001,922925480.0,1040514019.02,54868698.79,1329417.03,44497.0,88.0,92.0,91,-0.8660254037844385,-0.5000000000000004,3208.2895,29.61848364486347,0.33
2019-09-01,1037885150.6,942459307.97,1194486070.26,1099669718.82,947650432.63,976185635.76,936675328.95,1080602073.9033334,1035867783.4700001,1281114247.46,969000409.96,926806817.22,907856781.88,708594357.8199999,1058973824.8800001,941968373.7516667,1123149156.54,66813831.72,1441971.67,44293.0,91.0,92.0,92,-1.0,-1.8369701987210297e-16,3413.344761904762,46.51755782702352,0.19
2019-10-01,1070682684.41,937868067.98,1037885150.6,1194486070.26,1099669718.82,1025420669.72,1223975355.96,1110680313.2266667,1044301935.2741667,942459307.97,1281114247.46,969000409.96,986468902.55,936557708.52,1064191321.7966666,961457119.5974998,977433482.96,56106808.74,1265901.53,40574.0,81.0,91.0,93,-0.8660254037844386,0.5000000000000001,3396.7094736842105,35.38773508084481,0.23
2019-11-01,1022473559.26,1003773869.06,1070682684.41,1037885150.6,1194486070.26,1050638634.07,1044385176.75,1101017968.4233334,1031527545.9783334,937868067.98,942459307.97,1281114247.46,931034144.6,934453610.62,1053813874.4700001,961566316.2191668,1010479133.46,55699626.95,1320125.88,44448.0,89.0,92.0,94,-0.5000000000000004,0.8660254037844384,3437.725454545455,34.69790054404569,0.39
2019-12-01,981625840.17,893653186.45,1022473559.26,1070682684.41,1037885150.6,947650432.63,923300950.72,1043680464.7566667,1029701577.8541666,1003773869.06,937868067.98,942459307.97,926806817.22,766561393.98,961367081.6700001,967343004.4225,962621644.22,55223437.260000005,1245927.59,38659.0,89.0,92.0,95,-2.4492935982947064e-16,1.0,3412.4531578947367,61.02322026651755,0.58
2020-01-01,1134007125.49,1171049993.88,981625840.17,1022473559.26,1070682684.41,1099669718.82,1045976840.8,1024927361.2800001,1034561985.3083334,893653186.45,1003773869.06,937868067.98,969000409.96,1130167441.59,945098374.4966666,977933987.1283334,922058070.95,55485616.64,1312432.12,42387.0,85.0,94.0,96,0.49999999999999994,0.8660254037844387,3376.0265,72.99073418303799,0.66
2020-02-01,1019173853.37,974683959.11,1134007125.49,981625840.17,1022473559.26,1194486070.26,962048587.2,1046035508.3066667,1041897842.3658334,1171049993.88,893653186.45,1003773869.06,1281114247.46,825004668.8199999,1022825683.1300001,981340866.4858333,1064761239.15,64680832.52,1817972.73,42059.0,88.0,93.0,97,0.8660254037844386,0.5000000000000001,3319.3089473684213,54.86627084656088,0.64
2020-03-01,770357178.26,764708955.02,1019173853.37,1134007125.49,981625840.17,1037885150.6,976185635.76,1044935606.3433332,1046658281.2133332,974683959.11,1171049993.88,893653186.45,942459307.97,907856781.88,1013129046.48,993814140.6766667,958308476.79,57054561.58,1209284.03,38098.0,86.0,92.0,98,1.0,6.123233995736766e-17,3416.3190000000004,43.96728974326736,0.63
2020-04-01,867696055.15,1035940118.07,770357178.26,1019173853.37,1134007125.49,1070682684.41,1025420669.72,974512719.04,1029505909.755,764708955.02,974683959.11,1171049993.88,937868067.98,986468902.55,970147636.0033334,981885155.105,723109327.57,44180821.09,952701.64,27405.0,92.0,91.0,99,0.8660254037844387,-0.4999999999999998,3886.515,248.4003913146337,0.53
2020-05-01,784731171.23,1034139925.04,867696055.15,770357178.26,1019173853.37,1022473559.26,1050638634.07,885742362.2599999,1016362191.8741666,1035940118.07,764708955.02,974683959.11,1003773869.06,931034144.6,925111010.7333332,986007756.3983334,809673952.66,53935264.94,941891.96,30960.0,90.0,90.0,100,0.49999999999999994,-0.8660254037844387,3986.561,68.57655137834905,0.3
2020-06-01,693549752.38,775027928.26,784731171.23,867696055.15,770357178.26,981625840.17,947650432.63,807594801.5466667,994203236.6375002,1034139925.04,1035940118.07,764708955.02,893653186.45,926806817.22,944929666.0433334,994599904.7683333,734731194.07,47140011.83,996469.04,25169.0,86.0,91.0,101,1.2246467991473532e-16,-1.0,3856.116,87.40561883660857,0.01
2020-07-01,922710591.39,783030926.66,693549752.38,784731171.23,867696055.15,1134007125.49,1099669718.82,781992326.2533332,973028179.9499999,775027928.26,1034139925.04,1035940118.07,1171049993.88,969000409.96,948369323.79,981951664.0216666,654419086.98,36348072.12,888275.58,22104.0,85.0,89.0,102,-0.4999999999999997,-0.8660254037844388,3691.5666666666666,66.95971229469427,-0.23
2020-08-01,1010571733.2,945796642.81,922710591.39,693549752.38,784731171.23,1019173853.37,1194486070.26,800330505.0,958281585.9975,783030926.66,775027928.26,1034139925.04,974683959.11,1281114247.46,864066259.9866667,966454207.0799999,875596793.04,43375130.18,1332893.4,35175.0,88.0,90.0,103,-0.8660254037844385,-0.5000000000000004,3660.5990909090906,44.19949912548461,-0.36
2020-09-01,885711408.42,845465547.21,1010571733.2,922710591.39,693549752.38,770357178.26,1037885150.6,875610692.3233334,942955391.2425,945796642.81,783030926.66,775027928.26,764708955.02,942459307.97,834618499.2433333,938511073.3591666,958007996.51,48973112.04,1121456.3,33564.0,84.0,90.0,104,-1.0,-1.8369701987210297e-16,3788.098947368421,36.42938860845702,-0.53
2020-10-01,979226425.62,883930362.99,885711408.42,1010571733.2,922710591.39,867696055.15,1070682684.41,939664577.67,930274246.0608333,845465547.21,945796642.81,783030926.66,1035940118.07,937868067.98,858097705.56,930428259.9625001,838074604.51,44089296.91,1054717.37,33640.0,86.0,94.0,105,-0.8660254037844386,0.5000000000000001,3752.106666666667,76.8837727568915,-0.85
2020-11-01,1012227971.17,883890480.9,979226425.62,885711408.42,1010571733.2,784731171.23,1022473559.26,958503189.0799999,922652891.1616665,883930362.99,845465547.21,945796642.81,1034139925.04,1003773869.06,891730851.0033334,925933451.2133332,916208430.49,58904825.15,1187539.32,37015.0,90.0,92.0,106,-0.5000000000000004,0.8660254037844384,3834.218636363636,26.871655503160152,-1.12
2020-12-01,1144215880.63,1008855671.79,1012227971.17,979226425.62,885711408.42,693549752.38,981625840.17,959055268.4033333,921799092.1541666,883890480.9,883930362.99,845465547.21,775027928.26,893653186.45,871095463.7000002,915943168.8666667,941598859.0,66344356.7,1246643.65,34718.0,90.0,89.0,107,-2.4492935982947064e-16,1.0,3675.2075,67.53016170571482,-1.2
2021-01-01,1023437703.96,850441221.79,1144215880.63,1012227971.17,979226425.62,922710591.39,1134007125.49,1045223425.8066667,935348262.1925,1008855671.79,883890480.9,883930362.99,783030926.66,1171049993.88,925558838.5600001,925543375.9783334,1061163783.37,78763312.41,1409872.38,40923.0,93.0,90.0,108,0.49999999999999994,0.8660254037844387,3468.5038095238097,48.05185454029747,-1.08
2021-02-01,1164421631.99,960118312.48,1023437703.96,1144215880.63,1012227971.17,1010571733.2,1019173853.37,1059960518.5866667,926134143.7316666,850441221.79,1008855671.79,883890480.9,945796642.81,974683959.11,914395791.4933332,898825978.3041667,941096955.68,78853508.73,1212616.04,34689.0,91.0,89.0,109,0.8660254037844386,0.5000000000000001,3503.1266666666666,61.951054873988895,-0.91
2021-03-01,1357473376.9,1201685419.82,1164421631.99,1023437703.96,1144215880.63,885711408.42,770357178.26,1110691738.86,938238125.2833334,960118312.48,850441221.79,1008855671.79,845465547.21,764708955.02,939805068.6866666,897612174.4183334,1061598710.22,99238122.31,1240939.9,37344.0,88.0,89.0,110,1.0,6.123233995736766e-17,3557.787368421053,30.195786652759267,-0.79
2021-04-01,1236695489.09,1045641366.83,1357473376.9,1164421631.99,1023437703.96,979226425.62,867696055.15,1181777570.95,987164475.1700001,1201685419.82,960118312.48,850441221.79,883930362.99,1035940118.07,1004081651.3633333,934026879.8183333,1232388887.77,120868736.48,1656731.12,42407.0,93.0,92.0,111,0.8660254037844387,-0.4999999999999998,3616.647142857143,54.26255966528444,-0.71
2021-05-01,1051123993.22,736746761.21,1236695489.09,1357473376.9,1164421631.99,1012227971.17,784731171.23,1252863499.3266666,1017914427.9983335,1045641366.83,1201685419.82,960118312.48,883890480.9,1034139925.04,1069148366.3766667,934835317.215,1126837759.19,106171287.85,1256707.18,32581.0,87.0,91.0,112,0.49999999999999994,-0.8660254037844387,3651.853,31.831903906549268,-0.55
2021-06-01,1037027463.77,842349808.81,1051123993.22,1236695489.09,1357473376.9,1144215880.63,693549752.38,1215097619.7366667,1040113829.8308333,736746761.21,1045641366.83,1201685419.82,1008855671.79,775027928.26,994691182.62,910052553.5625,960431872.97,87358026.22,1094687.4,31354.0,86.0,90.0,113,1.2246467991473532e-16,-1.0,3741.9625,49.62964689896352,-0.39
2021-07-01,963554873.44,817095393.45,1037027463.77,1051123993.22,1236695489.09,1023437703.96,922710591.39,1108282315.36,1068736972.4466667,842349808.81,736746761.21,1045641366.83,850441221.79,783030926.66,874912645.6166667,915662710.275,934176671.44,99631500.86,1120542.64,30107.0,88.0,91.0,114,-0.4999999999999997,-0.8660254037844388,3691.828421052632,67.99788863251216,-0.3
2021-08-01,1174895412.36,847625669.28,963554873.44,1037027463.77,1051123993.22,1164421631.99,1010571733.2,1017235443.4766668,1072140662.6175002,817095393.45,842349808.81,736746761.21,960118312.48,945796642.81,798730654.4900001,918501415.8408333,857820032.48,102792108.67,1033967.46,28027.0,87.0,89.0,115,-0.8660254037844385,-0.5000000000000004,3833.940952380952,45.42791882804693,-0.35
2021-09-01,1461702213.22,918984987.25,1174895412.36,963554873.44,1037027463.77,1357473376.9,885711408.42,1058492583.1899999,1085834302.5475,847625669.28,817095393.45,842349808.81,1201685419.82,845465547.21,835690290.5133333,910320501.3800001,1046178866.02,125359977.28,1146048.6,29509.0,84.0,92.0,116,-1.0,-1.8369701987210297e-16,3888.668,48.40164662270767,-0.45
2021-10-01,1550634187.1,1145776391.92,1461702213.22,1174895412.36,963554873.44,1236695489.09,979226425.62,1200050833.0066667,1133833536.2808335,918984987.25,847625669.28,817095393.45,1045641366.83,883930362.99,861235349.9933333,916447121.3833333,1288858583.46,168258675.26,1604053.41,41189.0,89.0,90.0,117,-0.8660254037844386,0.5000000000000001,3821.723333333333,25.9469347579504,-0.63
2021-11-01,1641059201.51,996611400.9,1550634187.1,1461702213.22,1174895412.36,1051123993.22,1012227971.17,1395743937.56,1181450849.7375,1145776391.92,918984987.25,847625669.28,736746761.21,883890480.9,970795682.8166666,938267623.7941667,1345893488.47,200084419.49,1767032.11,42164.0,90.0,89.0,118,-0.5000000000000004,0.8660254037844384,3772.607,19.069822702236543,-0.76
2021-12-01,1857235453.09,1126470516.82,1641059201.51,1550634187.1,1461702213.22,1037027463.77,1144215880.63,1551131867.2766666,1233853452.2658334,996611400.9,1145776391.92,918984987.25,842349808.81,1008855671.79,1020457593.3566667,947661033.7941667,1414969990.63,220746104.99,1717608.2,43369.0,84.0,91.0,119,-2.4492935982947064e-16,1.0,3904.7558823529416,59.53431521597713,-0.91
2022-01-01,1683739069.5700002,944138044.88,1857235453.09,1641059201.51,1550634187.1,963554873.44,1023437703.96,1682976280.5666666,1293271749.9708333,1126470516.82,996611400.9,1145776391.92,817095393.45,850441221.79,1089619436.5466666,957462270.88,1598843401.93,251676433.58,2029955.79,49379.0,90.0,93.0,120,0.49999999999999994,0.8660254037844387,3967.770909090909,42.35480620494005,-0.87
2022-02-01,1667045237.4,931767395.89,1683739069.5700002,1857235453.09,1641059201.51,1174895412.36,1164421631.99,1727344574.7233334,1348296863.7716665,944138044.88,1126470516.82,996611400.9,847625669.28,960118312.48,1022406654.1999999,965270339.4708333,1434087781.9,243658677.02,1999625.63,43615.0,84.0,94.0,121,0.8660254037844386,0.5000000000000001,4002.193888888889,43.51477708966675,-0.82
2022-03-01,1925686740.12,1273368367.55,1667045237.4,1683739069.5700002,1857235453.09,1461702213.22,1357473376.9,1736006586.6866665,1390182164.2225,931767395.89,944138044.88,1126470516.82,918984987.25,1201685419.82,1000791985.8633332,962907763.0883332,1437732392.27,223621035.35,1857550.75,42124.0,90.0,89.0,122,1.0,6.123233995736766e-17,3938.945789473684,17.991195166212997,-0.79
2022-04-01,1589399886.17,1027042942.53,1925686740.12,1667045237.4,1683739069.5700002,1550634187.1,1236695489.09,1758823682.3633335,1437533277.8241665,1273368367.55,931767395.89,944138044.88,1145776391.92,1045641366.83,1049757936.1066666,968881342.0658332,1685147128.68,234026958.33,2017856.33,46073.0,86.0,92.0,123,0.8660254037844387,-0.4999999999999998,3805.521363636364,44.11199246241685,-0.86
2022-05-01,1570223969.57,961568798.84,1589399886.17,1925686740.12,1667045237.4,1641059201.51,1051123993.22,1727377287.8966668,1466925310.9141667,1027042942.53,1273368367.55,931767395.89,996611400.9,736746761.21,1077392901.99,967331473.3741666,1402153884.96,182381992.13,1633388.77,32809.0,91.0,90.0,124,0.49999999999999994,-0.8660254037844387,3804.882,94.89247059033134,-0.95
2022-06-01,1737501386.79,1037492701.44,1570223969.57,1589399886.17,1925686740.12,1857235453.09,1037027463.77,1695103531.9533331,1510183642.2766666,961568798.84,1027042942.53,1273368367.55,1126470516.82,842349808.81,1087326702.9733334,986066643.1766667,1381702161.54,182492510.01,1670164.0,36495.0,85.0,90.0,125,1.2246467991473532e-16,-1.0,4030.665,60.58846715862337,-0.9
2022-07-01,1734319133.23,963629273.1,1737501386.79,1570223969.57,1589399886.17,1683739069.5700002,963554873.44,1632375080.8433332,1568556469.195,1037492701.44,961568798.84,1027042942.53,944138044.88,817095393.45,1008701480.9366666,1002328550.8958334,1557171774.49,174840955.92,1852334.36,39094.0,88.0,92.0,126,-0.4999999999999997,-0.8660254037844388,3922.498000000001,127.46687906647504,-0.78
2022-08-01,1938313091.96,1151979822.99,1734319133.23,1737501386.79,1570223969.57,1667045237.4,1174895412.36,1680681496.53,1632786824.1775,963629273.1,1037492701.44,961568798.84,931767395.89,847625669.28,987563591.1266667,1014539707.5333333,1549236921.26,178250642.82,1930539.26,46189.0,88.0,91.0,127,-0.8660254037844385,-0.5000000000000004,4389.3255,117.26947538738077,-0.76
2022-09-01,1889318447.29,1086925411.91,1938313091.96,1734319133.23,1737501386.79,1925686740.12,1461702213.22,1803377870.66,1696404964.1441667,1151979822.99,963629273.1,1037492701.44,1273368367.55,918984987.25,1051033932.5099999,1039902553.6758332,1727824853.69,202984060.88,2076440.96,51657.0,89.0,92.0,128,-1.0,-1.8369701987210297e-16,4328.032380952381,69.7087086313298,-0.87
2022-10-01,1602231183.01,964891778.32,1889318447.29,1938313091.96,1734319133.23,1589399886.17,1550634187.1,1853983557.4933336,1732039650.3166666,1086925411.91,1151979822.99,963629273.1,1027042942.53,1145776391.92,1067511502.6666666,1053897589.0641667,1683736189.88,199220532.65,2024734.88,52594.0,90.0,92.0,129,-0.8660254037844386,0.5000000000000001,4435.908571428571,53.49261605920138,-0.97
2022-11-01,1427770868.57,864854102.36,1602231183.01,1889318447.29,1938313091.96,1570223969.57,1641059201.51,1809954240.7533333,1736339399.9758332,964891778.32,1086925411.91,1151979822.99,961568798.84,996611400.9,1067932337.7400001,1038823871.2641667,1453664710.05,142887951.20999998,1690952.55,45564.0,85.0,93.0,130,-0.5000000000000004,0.8660254037844384,4720.735789473684,155.15705810979577,-0.94
2022-12-01,1519494319.1,1001646315.34,1427770868.57,1602231183.01,1889318447.29,1737501386.79,1857235453.09,1639773499.6233332,1718565372.230833,864854102.36,964891778.32,1086925411.91,1037492701.44,1126470516.82,972223764.1966667,1027844096.3858333,1308321856.04,113512152.46,1653427.11,48027.0,80.0,92.0,131,-2.4492935982947064e-16,1.0,4931.331111111112,85.64077663252624,-0.85
2023-01-01,1186481775.08,702424811.76,1519494319.1,1427770868.57,1602231183.01,1734319133.23,1683739069.5700002,1516498790.2266665,1690420277.7316666,1001646315.34,864854102.36,964891778.32,963629273.1,944138044.88,943797398.6733333,1017442079.5958333,1391987325.2,122662008.3,1697110.15,53367.0,82.0,91.0,132,0.49999999999999994,0.8660254037844387,4790.036999999999,25.91393144927816,-0.71
2023-02-01,1268620591.39,886544517.9,1186481775.08,1519494319.1,1427770868.57,1938313091.96,1667045237.4,1377915654.25,1648982169.8574998,702424811.76,1001646315.34,864854102.36,1151979822.99,931767395.89,856308409.82,997299310.1691667,1096741472.5,84603776.41,1462329.32,43366.0,77.0,92.0,133,0.8660254037844386,0.5000000000000001,4702.305,140.48002048648212,-0.54
2023-03-01,1373522599.43,1102719015.96,1268620591.39,1186481775.08,1519494319.1,1889318447.29,1925686740.12,1324865561.8566668,1615780116.0233335,886544517.9,702424811.76,1001646315.34,1086925411.91,1273368367.55,863538548.3333334,993530737.0033332,1184524045.08,79703376.34,1697288.82,43794.0,81.0,91.0,134,1.0,6.123233995736766e-17,4796.636315789474,108.04372608709652,-0.29
2023-04-01,1269868569.18,1165717791.59,1373522599.43,1268620591.39,1186481775.08,1602231183.01,1589399886.17,1276208321.966667,1569766437.6324997,1102719015.96,886544517.9,702424811.76,964891778.32,1027042942.53,897229448.54,979309957.7041668,1286749801.15,82141165.35,1776192.44,37140.0,80.0,92.0,135,0.8660254037844387,-0.4999999999999998,4760.961363636364,67.87074040272303,-0.02
2023-05-01,1365575131.98,1012146768.96,1269868569.18,1373522599.43,1268620591.39,1427770868.57,1570223969.57,1304003920.0000002,1543138827.8833332,1165717791.59,1102719015.96,886544517.9,864854102.36,961568798.84,1051660441.8166666,990866195.1258334,1186755032.11,78552412.05,1551584.36,37096.0,89.0,93.0,136,0.49999999999999994,-0.8660254037844387,4533.558421052631,76.21163211472766,0.27
2023-06-01,1254509358.27,815275707.16,1365575131.98,1269868569.18,1373522599.43,1519494319.1,1737501386.79,1336322100.1966667,1526084758.0841668,1012146768.96,1165717791.59,1102719015.96,1001646315.34,1037492701.44,1093527858.8366668,995081025.9691666,1281081183.44,80241201.78,1818057.7,42496.0,81.0,93.0,137,1.2246467991473532e-16,-1.0,4536.83,73.96353027750327,0.57
2023-07-01,1130046296.26,833459224.08,1254509358.27,1365575131.98,1269868569.18,1186481775.08,1734319133.23,1296651019.81,1485835422.3741665,815275707.16,1012146768.96,1165717791.59,702424811.76,963629273.1,997713422.57,976562943.1125001,1176186140.48,74175550.25,1606374.41,48359.0,83.0,94.0,138,-0.4999999999999997,-0.8660254037844388,4213.527,90.53070523599328,0.84
2023-08-01,1215499500.04,990494186.79,1130046296.26,1254509358.27,1365575131.98,1268620591.39,1938313091.96,1250043595.5033333,1435479352.6266668,833459224.08,815275707.16,1012146768.96,886544517.9,1151979822.99,886960566.7333332,965715439.0275,1057370896.73,69033224.03,1505557.47,43330.0,88.0,91.0,139,-0.8660254037844385,-0.5000000000000004,4061.525555555556,100.67609128067872,1.12
2023-09-01,1197684673.87,969077170.38,1215499500.04,1130046296.26,1254509358.27,1373522599.43,1889318447.29,1200018384.8566666,1375244886.6333334,990494186.79,833459224.08,815275707.16,1102719015.96,1086925411.91,879743039.3433332,952258302.6775001,1139268707.04,71856015.79,1493359.66,44552.0,83.0,93.0,140,-1.0,-1.8369701987210297e-16,4066.870476190476,63.65543303412448,1.37
2023-10-01,1192865871.27,889633474.5,1197684673.87,1215499500.04,1130046296.26,1269868569.18,1602231183.01,1181076823.39,1317608738.8483334,969077170.38,990494186.79,833459224.08,1165717791.59,964891778.32,931010193.75,942437615.8833333,1122593989.77,70324465.46000001,1507016.13,47388.0,88.0,91.0,141,-0.8660254037844386,0.5000000000000001,4007.955238095238,71.81439142811497,1.6
2023-11-01,1208643118.44,838872616.21,1192865871.27,1197684673.87,1215499500.04,1365575131.98,1427770868.57,1202016681.7266665,1283494962.87,889633474.5,969077170.38,990494186.79,1012146768.96,864854102.36,949734943.89,936166090.5649999,1120528938.93,66746917.26,1695765.64,49942.0,83.0,94.0,142,-0.5000000000000004,0.8660254037844384,4219.052105263158,73.69456399211748,1.83
2023-12-01,1281493853.02,977774872.37,1208643118.44,1192865871.27,1197684673.87,1254509358.27,1519494319.1,1199731221.1933334,1265234317.0258334,838872616.21,889633474.5,969077170.38,815275707.16,1001646315.34,899194420.3633333,934000966.7191668,1135789648.11,67768280.92,1678488.46,46404.0,77.0,92.0,143,-2.4492935982947064e-16,1.0,4037.514210526316,53.218260474701815,1.99
2024-01-01,1333517582.55,1046693894.64,1281493853.02,1208643118.44,1192865871.27,1130046296.26,1186481775.08,1227667614.243333,1245400944.8525,977774872.37,838872616.21,889633474.5,833459224.08,702424811.76,902093654.36,932011679.805,1203307893.13,73321863.8,1790762.63,50723.0,86.0,93.0,144,0.49999999999999994,0.8660254037844387,3954.140526315789,58.973360885674936,2.06
2024-02-01,1310422725.79,960549411.9,1333517582.55,1281493853.02,1208643118.44,1215499500.04,1268620591.39,1274551518.0033333,1257653928.8083332,1046693894.64,977774872.37,838872616.21,990494186.79,886544517.9,954447127.7399999,960700770.0450001,1251614441.97,77817771.36,1740107.77,53744.0,79.0,93.0,145,0.8660254037844386,0.5000000000000001,3926.3594736842106,17.290934514197627,1.92
2024-03-01,1147387556.45,965033871.66,1310422725.79,1333517582.55,1281493853.02,1197684673.87,1373522599.43,1308478053.7866666,1261137440.0083334,960549411.9,1046693894.64,977774872.37,969077170.38,1102719015.96,995006059.6366667,966867844.5450001,1232376348.57,73382304.38,1681832.46,49054.0,84.0,92.0,146,1.0,6.123233995736766e-17,3932.555,21.424415363883565,1.62
2024-04-01,1395672502.95,1044311684.55,1147387556.45,1310422725.79,1333517582.55,1192865871.27,1269868569.18,1263775954.93,1242292853.0933332,965033871.66,960549411.9,1046693894.64,889633474.5,1165717791.59,990759059.4,955394082.52,1074606876.49,68944968.25,1472248.7,43879.0,87.0,91.0,147,0.8660254037844387,-0.4999999999999998,3905.175263157895,27.48347288592436,1.26
2024-05-01,1538977930.88,1217197470.15,1395672502.95,1147387556.45,1310422725.79,1208643118.44,1365575131.98,1284494261.73,1252776514.2408333,1044311684.55,965033871.66,960549411.9,838872616.21,1012146768.96,989964989.37,945276906.9333333,1305293028.39,85324267.03,1818927.6,41622.0,83.0,93.0,148,0.49999999999999994,-0.8660254037844387,3867.250476190476,65.18195628210228,0.82
2024-06-01,1264234688.35,930664296.19,1538977930.88,1395672502.95,1147387556.45,1281493853.02,1254509358.27,1360679330.0933335,1267226747.4825,1217197470.15,1044311684.55,965033871.66,977774872.37,815275707.16,1075514342.1200001,962364465.3658333,1432174288.26,99050455.58,1954116.02,46762.0,85.0,93.0,149,1.2246467991473532e-16,-1.0,3864.4435,31.06963338509504,0.49
2024-07-01,1464702071.8,991487818.23,1264234688.35,1538977930.88,1395672502.95,1333517582.55,1130046296.26,1399628374.06,1268037191.6558332,930664296.19,1217197470.15,1044311684.55,1046693894.64,833459224.08,1064057816.9633335,971980181.1183333,1172982006.68,86819451.14,1648188.72,45773.0,86.0,95.0,150,-0.4999999999999997,-0.8660254037844388,4057.1266666666666,104.26393420771451,0.22
2024-08-01,1559999561.18,1083967677.69,1464702071.8,1264234688.35,1538977930.88,1310422725.79,1215499500.04,1422638230.3433332,1295925172.9508333,991487818.23,930664296.19,1217197470.15,960549411.9,990494186.79,1046449861.5233334,985149230.6308333,1334619408.0500002,125283362.72,1770515.1800000002,51772.0,89.0,91.0,151,-0.8660254037844385,-0.5000000000000004,4028.2755,50.396560395892585,0.08
2024-09-01,1477521422.48,978002985.0,1559999561.18,1464702071.8,1264234688.35,1147387556.45,1197684673.87,1429645440.4433334,1324633511.3791668,1083967677.69,991487818.23,930664296.19,965033871.66,969077170.38,1002039930.7033334,992938688.2058333,1403718583.75,150840969.84,2064513.71,57266.0,86.0,86.0,152,-1.0,-1.8369701987210297e-16,4067.618095238095,50.983805528721305,-0.07
2024-10-01,1590818301.28,1060155291.45,1477521422.48,1559999561.18,1464702071.8,1395672502.95,1192865871.27,1500741018.4866667,1347953240.43,978002985.0,1083967677.69,991487818.23,1044311684.55,889633474.5,1017819493.64,993682506.0908333,1337490008.36,135195281.22,1747180.42,54117.0,78.0,92.0,153,-0.8660254037844386,0.5000000000000001,4195.178947368421,41.46100482444481,-0.17
2024-11-01,1632666525.88,1186755906.93,1590818301.28,1477521422.48,1559999561.18,1538977930.88,1208643118.44,1542779761.6466665,1381115942.930833,1060155291.45,978002985.0,1083967677.69,1217197470.15,838872616.21,1040708651.3800001,1007892657.5033334,1453385223.04,132105081.79,2088613.28,55602.0,89.0,93.0,154,-0.5000000000000004,0.8660254037844384,4257.764090909091,63.422817860172685,-0.21
2024-12-01,1569950483.41,1164213698.57,1632666525.88,1590818301.28,1477521422.48,1264234688.35,1281493853.02,1567002083.2133334,1416451226.8841667,1186755906.93,1060155291.45,978002985.0,930664296.19,977774872.37,1074971394.46,1036882931.73,1493121900.48,134364497.47,2260117.97,57555.0,82.0,92.0,155,-2.4492935982947064e-16,1.0,4411.831052631579,34.51797066500898,-0.3
2025-01-01,1571568134.07,1115690908.38,1569950483.41,1632666525.88,1590818301.28,1464702071.8,1333517582.55,1597811770.1899998,1440489279.4166667,1164213698.57,1186755906.93,1060155291.45,991487818.23,1046693894.64,1137041632.3166666,1052419500.58,1440876486.51,123956400.84,2214001.1,56056.0,90.0,93.0,156,0.49999999999999994,0.8660254037844387,4384.5305,35.50348336875982,-0.42
2025-02-01,1643567656.45,1251014746.32,1571568134.07,1569950483.41,1632666525.88,1559999561.18,1310422725.79,1591395047.7866669,1460326825.3766668,1115690908.38,1164213698.57,1186755906.93,1083967677.69,960549411.9,1155553504.6266668,1058169251.7249999,1449465254.27,117394829.39,1961192.63,58161.0,88.0,92.0,157,0.8660254037844386,0.5000000000000001,4292.266842105263,67.29229484145424,-0.45
2025-03-01,1490016997.35,1150539304.91,1643567656.45,1571568134.07,1569950483.41,1477521422.48,1147387556.45,1595028757.9766667,1488088902.9316666,1251014746.32,1115690908.38,1164213698.57,978002985.0,965033871.66,1176973117.7566667,1082374696.26,1524976732.22,113356059.57,2354750.06,56280.0,84.0,92.0,158,1.0,6.123233995736766e-17,4133.597368421053,35.37220642163147,-0.24
2025-04-01,1631425034.9,1246425404.66,1490016997.35,1643567656.45,1571568134.07,1590818301.28,1395672502.95,1568384262.6233332,1516641356.34,1150539304.91,1251014746.32,1115690908.38,1060155291.45,1044311684.55,1172414986.5366666,1097833482.3641667,1384853755.08,100021197.68,1955733.54,52365.0,82.0,92.0,159,0.8660254037844387,-0.4999999999999998,4133.4800000000005,29.68810305758674,-0.06
2025-05-01,1803484764.6,1312429150.63,1631425034.9,1490016997.35,1643567656.45,1632666525.88,1538977930.88,1588336562.9000003,1536287400.6691666,1246425404.66,1150539304.91,1251014746.32,1186755906.93,1217197470.15,1215993151.9633334,1114676292.3733335,1523383879.4,102555381.31,2060559.1,53279.0,76.0,95.0,160,0.49999999999999994,-0.8660254037844387,4273.878,81.77562496181083,0.02
2025-06-01,1586564994.86,1179438538.12,1803484764.6,1631425034.9,1490016997.35,1569950483.41,1264234688.35,1641642265.6166668,1558329636.8125,1312429150.63,1246425404.66,1150539304.91,1164213698.57,930664296.19,1236464620.0666668,1122612265.7466667,1687244765.61,110452316.52,2494914.27,63962.0,85.0,94.0,161,1.2246467991473532e-16,-1.0,4201.504285714285,56.45194120412837,-0.02
2025-07-01,1948658767.02,1204109195.79,1586564994.86,1803484764.6,1631425034.9,1571568134.07,1464702071.8,1673824931.4533331,1585190495.6883335,1179438538.12,1312429150.63,1246425404.66,1115690908.38,991487818.23,1246097697.8033333,1143343452.5741668,1485847224.77,95920725.52,2089903.74,59841.0,86.0,94.0,162,-0.4999999999999997,-0.8660254037844388,4113.554705882352,44.24841213502006,-0.04
2025-08-01,1780029167.7,1190370637.7,1948658767.02,1586564994.86,1803484764.6,1643567656.45,1559999561.18,1779569508.8266666,1625520220.2900002,1204109195.79,1179438538.12,1312429150.63,1251014746.32,1083967677.69,1231992294.8466666,1161061900.7041667,1812571574.56,129984228.84,2542700.12,78187.0,83.0,93.0,163,-0.8660254037844385,-0.5000000000000004,4049.692380952381,57.396673414472495,-0.14
2025-09-01,1757863989.54,1277378332.51,1780029167.7,1948658767.02,1586564994.86,1490016997.35,1477521422.48,1771750976.5266666,1643856020.8333333,1190370637.7,1204109195.79,1179438538.12,1150539304.91,978002985.0,1191306123.87,1169928814.0383334,1657860492.4,116615635.56,2300005.74,65681.0,80.0,94.0,164,-1.0,-1.8369701987210297e-16,4049.928,44.73909247838514,-0.28
2025-10-01,1853763856.99,1273664038.48,1757863989.54,1780029167.7,1948658767.02,1631425034.9,1590818301.28,1828850641.42,1667217901.4216669,1277378332.51,1190370637.7,1204109195.79,1246425404.66,1060155291.45,1223952722.0,1194876759.6641667,1638516456.17,113300603.2,2247170.14,69940.0,83.0,95.0,165,-0.8660254037844386,0.5000000000000001,3914.828,46.71302653886894,-0.4
2025-11-01,1678903027.39,1087619688.01,1853763856.99,1757863989.54,1780029167.7,1803484764.6,1632666525.88,1797219004.743333,1689130031.0641668,1273664038.48,1277378332.51,1190370637.7,1312429150.63,1186755906.93,1247137669.5633333,1212669155.25,1730431660.77,117315639.39,2471937.07,71430.0,86.0,93.0,166,-0.5000000000000004,0.8660254037844384,3881.436818181818,27.099651796456254,-0.51
2025-12-01,1817763647.51,1310584840.77,1678903027.39,1853763856.99,1757863989.54,1586564994.86,1569950483.41,1763510291.3066666,1692983072.8566666,1087619688.01,1273664038.48,1277378332.51,1179438538.12,1164213698.57,1212887353.0,1204407803.6733334,1570380145.1799998,103386500.64,2286312.1500000004,62139.0,85.0,95.0,167,-2.4492935982947064e-16,1.0,3779.760588235294,48.61895662580958,-0.55
2026-01-01,1847330886.38,1332863166.32,1817763647.51,1678903027.39,1853763856.99,1948658767.02,1571568134.07,1783476843.9633334,1713634169.8649998,1310584840.77,1087619688.01,1273664038.48,1204109195.79,1115690908.38,1223956189.0866668,1216605398.8566668,1699729229.81,111690212.42,2591607.69,68658.0,83.0,94.0,168,0.49999999999999994,0.8660254037844387,3797.459,51.919654822062526,-0.54
2026-02-01,1811953396.11,1218746382.04,1847330886.38,1817763647.51,1678903027.39,1780029167.7,1643567656.45,1781332520.426667,1736614399.2241666,1332863166.32,1310584840.77,1087619688.01,1190370637.7,1251014746.32,1243689231.7,1234703087.0183334,1729685599.6899998,111429688.22,2541596.63,73622.0,83.0,95.0,169,0.8660254037844386,0.5000000000000001,3693.162631578947,44.15155336918837,-0.37
2026-03-01,1896814526.71,1249994753.9,1811953396.11,1847330886.38,1817763647.51,1757863989.54,1490016997.35,1825682643.3333333,1750646544.1958334,1218746382.04,1332863166.32,1310584840.77,1277378332.51,1150539304.91,1287398129.71,1232014056.6616666,1706876370.0,98920156.35,2922303.53,61708.0,84.0,93.0,170,1.0,6.123233995736766e-17,3678.698421052632,36.22584087869361,-0.14
2026-04-01,1940605241.99,1352641712.16,1896814526.71,1811953396.11,1847330886.38,1853763856.99,1631425034.9,1852032936.3999999,1784546338.3091667,1249994753.9,1218746382.04,1332863166.32,1273664038.48,1246425404.66,1267201434.0866666,1240302010.7441666,1789004441.5,101433749.63,3005625.0,62495.0,82.0,92.0,171,0.8660254037844387,-0.4999999999999998,3714.8565,40.77384046239239,0.13
2026-05-01,1980453263.87,1151370838.21,1940605241.99,1896814526.71,1811953396.11,1678903027.39,1803484764.6,1883124388.2699997,1810311355.5666668,1352641712.16,1249994753.9,1218746382.04,1087619688.01,1312429150.63,1273794282.7,1249153369.7025,1823091883.8,111292007.25,2476739.01,58484.0,83.0,93.0,172,0.49999999999999994,-0.8660254037844387,3613.536,39.132851107343,0.51
