fecha,cif_usd,fob_usd,peso_neto_kg,flete_usd,seguros_usd,registros,paises_origen,capitulos,precio_implicito_usd_kg
2012-01-01,903578731.81,844140746.92,749297996.43,55749613.2,1885926.45,20717,68,92,1.205900370900582
2012-02-01,961026439.93,895316235.29,828969934.71,62603215.16,1496651.32,21713,73,92,1.1593019236170459
2012-03-01,947091021.51,885529384.06,784204947.07,58617320.59,1376245.49,20364,73,94,1.2077085525264613
2012-04-01,913516501.13,855489927.28,649403066.02,54977428.0,1543493.9,20583,78,94,1.4067018604157098
2012-05-01,1100253483.6,1027355517.3800001,832133835.27,69486636.57,1673211.31,23646,73,93,1.3222073625248083
2012-06-01,1046155149.13,973646147.93,854424658.26,68871143.08,1551609.58,24070,79,92,1.2243971882324314
2012-07-01,1044248850.44,971349816.36,823341109.38,69723581.48,1608052.85,25218,77,91,1.268306463194034
2012-08-01,1120812736.09,1043783581.38,862222676.65,73153493.98,1873603.44,27579,83,93,1.2999109933465236
2012-09-01,970375778.79,905024689.17,712659960.15,61973223.19,1474924.37,27069,74,93,1.3616252252838172
2012-10-01,1031955472.63,965197382.51,715221765.25,63268919.37,1593771.61,29169,73,93,1.4428468522197284
2012-11-01,1069550358.15,998362095.59,949598508.19,67403378.99,1895488.84,25790,78,90,1.1263184903150663
2012-12-01,929045303.38,867067882.99,710814219.49,56980751.67,1528663.14,23703,78,92,1.3070156419304302
2013-01-01,1008129464.59,945798821.56,849687870.45,59170019.8,1517243.57,24530,80,92,1.1864703494661968
2013-02-01,902330763.33,842896734.9000001,745695885.8199999,56504242.0,1416188.25,23408,76,92,1.2100519534686147
2013-03-01,840500207.81,790553044.9,588586867.36,47349680.96,1371703.65,21715,76,94,1.4279968759410342
2013-04-01,1059222815.78,983929926.1,915051154.58,61189291.6,12457348.95,25526,82,92,1.1575558486303132
2013-05-01,1089774213.54,1028902014.56,777654800.42,57549132.4,1568522.42,25818,80,92,1.401359848806217
2013-06-01,979689515.62,922655042.47,760885312.11,53948936.54,1501111.42,24689,81,93,1.287565287471823
2013-07-01,1066708668.62,1003612320.19,887859259.87,59862790.89,1606240.62,28617,77,95,1.2014389181188323
2013-08-01,1098406224.29,1032929261.04,920562573.17,62012543.0,1664609.21,28694,79,95,1.1931901820726722
2013-09-01,1007767111.77,946980994.6700001,838617445.14,57648871.21,1471194.27,28288,76,93,1.2017006295424273
2013-10-01,1126678412.53,1061632340.12,891542713.59,61395186.57,1763349.28,33058,78,93,1.2637402508660212
2013-11-01,927851465.23,875498835.55,730838054.07,49451846.23,1333606.49,26984,74,94,1.2695719114006752
2013-12-01,975050386.58,917579432.67,773516433.76,54240362.4,1532601.73,29807,75,92,1.2605425612489705
2014-01-01,1001571824.47,940867160.47,767264708.82,57470086.23,1470049.03,26580,83,92,1.3053797639283424
2014-02-01,967939414.67,906588040.46,778561958.8,58100816.08,1663621.62,26803,72,93,1.2432400578136236
2014-03-01,1037697595.05,970907871.73,1015584341.55,63640534.24,1441115.8,26273,86,92,1.0217739212739834
2014-04-01,1152617131.58,1081880921.68,1139970953.61,67232104.97,1653107.73,29407,81,91,1.011093421222666
2014-05-01,1336612759.02,1222532586.16,1116641946.28,109545956.91,1904404.75,31276,83,93,1.196993148495643
2014-06-01,1026883161.85,966750007.47,851542249.54,57019026.42,1443128.8599999999,26485,83,91,1.2059098211565176
2014-07-01,1310355051.57,1235929776.18,930688766.66,70391882.77,1938828.27,36712,87,93,1.4079411920620075
2014-08-01,1146384481.44,1075987276.2,907671708.84,66864051.1,1664192.65,32324,87,91,1.2629946160876533
2014-09-01,1163365860.48,1093733586.06,897461281.36,65826824.65,1792680.78,34866,83,92,1.2962852934636377
2014-10-01,1292792897.9,1215861880.8,948809739.11,72730958.11,2116720.72,36035,83,93,1.3625417663952968
2014-11-01,1116782113.49,1046058085.7,822604403.64,67335675.04,1623653.68,31458,87,95,1.3576174751171675
2014-12-01,1052997032.31,984471962.47,743601790.67,65019093.56,1547098.04,33681,80,88,1.416076515040703
2015-01-01,1034495637.25,965835499.21,1017868538.45,65490693.94,1419798.65,27860,87,90,1.01633521242863
2015-02-01,997053006.43,936026059.37,811596007.93,57821313.8,1469377.21,30368,83,93,1.22850900779196
2015-03-01,1018253601.5,954006672.05,892228984.95,60918090.61,1486147.8399999999,30901,80,93,1.141246942966174
2015-04-01,986316894.98,928058177.3700001,864547972.0899999,55192444.37,1376117.13,26141,78,92,1.1408469244287625
2015-05-01,962042113.29,904688415.59,1048827530.36,54267940.25,1471860.19,27519,82,92,0.9172548254523679
2015-06-01,893874528.65,845987871.56,791405341.83,44689299.02,1384158.81,29831,80,93,1.1294775021142214
2015-07-01,1035131227.63,981369462.9,937738618.09,50143040.96,1480393.76,36352,82,92,1.1038590153601338
2015-08-01,969598898.97,918797076.84,988817567.42,47439300.32,1533388.71,33851,77,90,0.9805639896749156
2015-09-01,926651390.45,877905640.17,918317833.96,45497492.41,1372481.64,34182,85,94,1.009074806327199
2015-10-01,931333443.15,880707887.65,930910184.48,47638024.85,1267677.35,32717,77,90,1.0004546718652954
2015-11-01,862356992.78,820129134.99,852536054.33,39458334.57,1175410.68,30039,79,92,1.0115196752091828
2015-12-01,830515999.73,787657781.73,831513938.86,39909351.77,1329343.68,31007,83,94,0.9987998527945687
2016-01-01,826659229.26,785158140.17,987691544.63,38673292.02,1217158.11,27894,75,94,0.8369609254574266
2016-02-01,784883258.64,743420596.66,883145268.92,38796662.29,1116579.39,27564,86,91,0.8887362999745616
2016-03-01,869143227.1500001,822485795.96,1002858642.22,43755400.93,1166932.37,29084,82,91,0.8666657398753648
2016-04-01,885384810.98,840284169.73,1269413292.82,42284849.49,1133251.27,25623,85,92,0.6974756101798169
2016-05-01,872555446.19,833653072.24,865300389.95,36052840.03,1259159.93,31203,82,94,1.0083844365774748
2016-06-01,851174551.54,808590663.78,701645081.22,39557023.07,1208963.42,35251,81,95,1.2131126894811297
2016-07-01,848300517.02,800962721.62,766335597.13,44552470.73,1144999.85,33361,80,93,1.1069569522764784
2016-08-01,1016524686.17,954993679.12,1011229668.9000001,58215324.4,1338823.31,39595,85,94,1.0052362162947213
2016-09-01,967376808.69,915689958.72,975653157.19,48525564.78,1395783.92,36437,89,93,0.9915171201579085
2016-10-01,887479283.6,837289004.45,938954892.01,47369782.62,1191538.98,34023,85,92,0.945177762160856
2016-11-01,929932302.69,878199380.79,979119250.34,48609734.67,1378603.15,36366,81,93,0.9497640888656619
2016-12-01,902442162.03,851710181.73,796833162.75,47607869.75,1281578.27,39658,87,94,1.1325358986259135
2017-01-01,892316344.08,843416965.04,903126754.75,45944368.16,1189664.95,33599,81,94,0.9880300183632668
2017-02-01,936546873.45,881033830.82,1090596433.78,52747261.39,1180882.4,33067,84,94,0.8587474197067881
2017-03-01,962533571.41,907296591.52,1114849057.97,52497853.63,1167256.06,30292,83,92,0.8633756870752105
2017-04-01,899930204.51,850981577.3,1070938707.65,46248201.47,1125831.04,30256,84,91,0.8403190566197293
2017-05-01,799523424.9,760157162.87,672119664.11,37045264.83,963989.21,32791,82,92,1.1895551753551268
2017-06-01,977166413.73,921876959.41,950357449.64,52024628.4,1316137.3699999999,44452,86,93,1.028209348072302
2017-07-01,863888802.86,816822669.09,762061464.15,44256220.95,1196537.49,42011,87,94,1.13362090001963
2017-08-01,953035684.56,897035278.88,882355962.75,51838245.45,1567600.67,39754,86,92,1.0801034104078762
2017-09-01,921309597.1,868049268.2,848689989.77,49090323.67,1157441.52,35025,85,91,1.085566706577605
2017-10-01,900622269.17,849581668.22,809600032.08,47073847.48,1109408.43,35090,91,92,1.1124286480771848
2017-11-01,886125133.26,833457495.52,870477441.39,49097638.4,1221523.52,37846,82,93,1.0179759878039039
2017-12-01,834990473.95,787312206.1,701763397.66,44471675.49,1111485.75,36530,82,92,1.1898461457725495
2018-01-01,931335898.77,878323584.51,946202492.81,50069236.67,1121771.2,36381,81,93,0.9842881474600118
2018-02-01,846594967.27,801454538.28,761944887.02,42282825.18,1101288.58,30830,75,91,1.1110973794719854
2018-03-01,898096019.63,846261458.39,935724217.74,48914343.13,1130997.89,32515,87,92,0.9597870853434988
2018-04-01,1043429951.84,987028672.1,1096780268.21,53017047.510000005,1182638.33,33935,87,91,0.9513573339014656
2018-05-01,997314519.85,950004669.15,914365956.19,44050694.48,1193422.5,35056,88,92,1.090717029760854
2018-06-01,1056184777.51,1008673621.78,896802469.47,44145296.36,1266235.19,37189,87,92,1.1777228692670674
2018-07-01,1067653728.86,1014904863.33,949254485.24,49124453.11,1236227.27,39768,86,92,1.1247286638735925
2018-08-01,1170291159.11,1106920883.16,1052599522.44,58217466.46,1359713.07,41983,96,92,1.1118104598766891
2018-09-01,936675328.95,887242606.4300001,708594357.8199999,44746034.599999994,1135130.81,34155,90,90,1.321878051402631
2018-10-01,1223975355.96,1156056431.66,936557708.52,62318573.02,1478157.28,46305,96,92,1.30688727968957
2018-11-01,1044385176.75,984056179.54,934453610.62,55686473.42,1505122.5,38396,86,91,1.1176426147650729
2018-12-01,923300950.72,869773433.27,766561393.98,49764067.97,1104732.1,38482,82,92,1.2044709764552655
2019-01-01,1045976840.8,980204911.94,1130167441.59,60504171.65,1303082.14,38774,88,93,0.9255060819381289
2019-02-01,962048587.2,908238319.26,825004668.8199999,50372468.22,1168735.44,35807,84,92,1.1661129003985073
2019-03-01,976185635.76,920290045.51,907856781.88,52176270.42,1249762.28,33350,81,91,1.075263913035384
2019-04-01,1025420669.72,970067305.7,986468902.55,51095538.6,1296532.15,34913,85,92,1.039486056853197
2019-05-01,1050638634.07,993251020.15,931034144.6,53402000.43,1202887.99,38275,83,92,1.1284641279417156
2019-06-01,947650432.63,893088209.73,926806817.22,50900388.63,1178346.45,36431,83,92,1.0224897087750404
2019-07-01,1099669718.82,1040514019.02,969000409.96,54868698.79,1329417.03,44497,88,92,1.1348495908948004
2019-08-01,1194486070.26,1123149156.54,1281114247.46,66813831.72,1441971.67,44293,91,92,0.9323805996446036
2019-09-01,1037885150.6,977433482.96,942459307.97,56106808.74,1265901.53,40574,81,91,1.1012519498964273
2019-10-01,1070682684.41,1010479133.46,937868067.98,55699626.95,1320125.88,44448,89,92,1.1416133259724461
2019-11-01,1022473559.26,962621644.22,1003773869.06,55223437.260000005,1245927.5899999999,38659,89,92,1.0186293853390622
2019-12-01,981625840.17,922058070.95,893653186.45,55485616.64,1312432.12,42387,85,94,1.0984416047006642
2020-01-01,1134007125.49,1064761239.15,1171049993.88,64680832.52,1817972.73,42059,88,93,0.9683678164180957
2020-02-01,1019173853.37,958308476.79,974683959.11,57054561.58,1209284.03,38098,86,92,1.0456454565032798
2020-03-01,770357178.26,723109327.57,764708955.02,44180821.09,952701.64,27405,92,91,1.007386108404932
2020-04-01,867696055.15,809673952.66,1035940118.07,53935264.94,941891.96,30960,90,90,0.8375928685593856
2020-05-01,784731171.23,734731194.07,1034139925.04,47140011.83,996469.04,25169,86,91,0.7588249445060803
2020-06-01,693549752.38,654419086.98,775027928.26,36348072.12,888275.58,22104,85,89,0.894870658322049
2020-07-01,922710591.39,875596793.04,783030926.66,43375130.18,1332893.4,35175,88,90,1.178383330688866
2020-08-01,1010571733.2,958007996.51,945796642.81,48973112.04,1121456.3,33564,84,90,1.0684873338073506
2020-09-01,885711408.42,838074604.51,845465547.21,44089296.91,1054717.37,33640,86,94,1.0476020121018645
2020-10-01,979226425.62,916208430.49,883930362.99,58904825.15,1187539.32,37015,90,92,1.1078094685056974
2020-11-01,1012227971.1700001,941598859.0,883890480.9,66344356.7,1246643.65,34718,90,89,1.1451961448202537
2020-12-01,1144215880.6299999,1061163783.37,1008855671.79,78763312.41,1409872.3800000001,40923,93,90,1.1341720254194854
2021-01-01,1023437703.96,941096955.68,850441221.79,78853508.73,1212616.04,34689,91,89,1.203419681146075
2021-02-01,1164421631.99,1061598710.22,960118312.48,99238122.31,1240939.9,37344,88,89,1.2127897331551583
2021-03-01,1357473376.9,1232388887.77,1201685419.82,120868736.48,1656731.1199999999,42407,93,92,1.1296412143398857
2021-04-01,1236695489.09,1126837759.19,1045641366.83,106171287.85,1256707.18,32581,87,91,1.1827147703989616
2021-05-01,1051123993.22,960431872.97,736746761.21,87358026.22,1094687.4,31354,86,90,1.4267100292286061
2021-06-01,1037027463.77,934176671.44,842349808.81,99631500.86,1120542.64,30107,88,91,1.2311126006368116
2021-07-01,963554873.44,857820032.48,817095393.45,102792108.67,1033967.46,28027,87,89,1.1792440407375302
2021-08-01,1174895412.36,1046178866.02,847625669.28,125359977.28,1146048.6,29509,84,92,1.3861017368173774
2021-09-01,1461702213.22,1288858583.46,918984987.25,168258675.26,1604053.41,41189,89,90,1.5905615798948407
2021-10-01,1550634187.1,1345893488.47,1145776391.92,200084419.49,1767032.11,42164,90,89,1.3533479988198847
2021-11-01,1641059201.51,1414969990.63,996611400.9,220746104.99,1717608.2,43369,84,91,1.6466390009466327
2021-12-01,1857235453.09,1598843401.93,1126470516.82,251676433.58,2029955.79,49379,90,93,1.6487208722807343
2022-01-01,1683739069.5700002,1434087781.9,944138044.88,243658677.01999998,1999625.63,43615,84,94,1.7833611077329306
2022-02-01,1667045237.4,1437732392.27,931767395.89,223621035.35,1857550.75,42124,90,89,1.7891216678682793
2022-03-01,1925686740.12,1685147128.68,1273368367.55,234026958.33,2017856.33,46073,86,92,1.5122778209302314
2022-04-01,1589399886.17,1402153884.96,1027042942.53,182381992.13,1633388.77,32809,91,90,1.5475495915046158
2022-05-01,1570223969.57,1381702161.54,961568798.84,182492510.01,1670164.0,36495,85,90,1.6329814064934909
2022-06-01,1737501386.79,1557171774.49,1037492701.44,174840955.92,1852334.36,39094,88,92,1.6747119130365107
2022-07-01,1734319133.23,1549236921.26,963629273.1,178250642.82,1930539.26,46189,88,91,1.7997783812136456
2022-08-01,1938313091.96,1727824853.69,1151979822.99,202984060.88,2076440.96,51657,89,92,1.6825929181025474
2022-09-01,1889318447.29,1683736189.88,1086925411.91,199220532.65,2024734.8800000001,52594,90,92,1.7382227212537007
2022-10-01,1602231183.01,1453664710.05,964891778.32,142887951.20999998,1690952.55,45564,85,93,1.6605294179205148
2022-11-01,1427770868.57,1308321856.04,864854102.36,113512152.46,1653427.11,48027,80,92,1.6508806105838219
2022-12-01,1519494319.1,1391987325.2,1001646315.34,122662008.3,1697110.15,53367,82,91,1.5169968638922422
2023-01-01,1186481775.08,1096741472.5,702424811.76,84603776.41,1462329.32,43366,77,92,1.6891228145929866
2023-02-01,1268620591.39,1184524045.08,886544517.9,79703376.34,1697288.82,43794,81,91,1.4309722363351158
2023-03-01,1373522599.43,1286749801.15,1102719015.96,82141165.35,1776192.44,37140,80,92,1.2455780480345169
2023-04-01,1269868569.18,1186755032.11,1165717791.59,78552412.05,1551584.36,37096,89,93,1.0893447610917408
2023-05-01,1365575131.98,1281081183.44,1012146768.96,80241201.78,1818057.7,42496,81,93,1.3491868707768087
2023-06-01,1254509358.27,1176186140.48,815275707.16,74175550.25,1606374.41,48359,83,94,1.5387547393507695
2023-07-01,1130046296.26,1057370896.73,833459224.08,69033224.03,1505557.47,43330,88,91,1.3558507286392836
2023-08-01,1215499500.04,1139268707.04,990494186.79,71856015.79,1493359.66,44552,83,93,1.227164698441289
2023-09-01,1197684673.8700001,1122593989.77,969077170.3800001,70324465.46000001,1507016.13,47388,88,91,1.235902269166404
2023-10-01,1192865871.27,1120528938.93,889633474.5,66746917.26,1695765.64,49942,83,94,1.3408509295813373
2023-11-01,1208643118.44,1135789648.11,838872616.21,67768280.92,1678488.46,46404,77,92,1.4407945796354773
2023-12-01,1281493853.02,1203307893.13,977774872.37,73321863.8,1790762.63,50723,86,93,1.3106226077520529
2024-01-01,1333517582.55,1251614441.97,1046693894.64,77817771.36,1740107.77,53744,79,93,1.2740282420474518
2024-02-01,1310422725.79,1232376348.57,960549411.9,73382304.38,1681832.46,49054,84,92,1.36424291093775
2024-03-01,1147387556.45,1074606876.49,965033871.66,68944968.25,1472248.7,43879,87,91,1.1889609164456838
2024-04-01,1395672502.95,1305293028.3899999,1044311684.5500001,85324267.03,1818927.6,41622,83,93,1.3364520608149697
2024-05-01,1538977930.88,1432174288.26,1217197470.15,99050455.58,1954116.02,46762,85,93,1.2643617561005493
2024-06-01,1264234688.35,1172982006.68,930664296.19,86819451.14,1648188.72,45773,86,95,1.3584218214081996
2024-07-01,1464702071.8,1334619408.0500002,991487818.23,125283362.72,1770515.1800000002,51772,89,91,1.477276921480266
2024-08-01,1559999561.18,1403718583.75,1083967677.69,150840969.84,2064513.71,57266,86,86,1.4391568985751055
2024-09-01,1477521422.48,1337490008.36,978002985.0,135195281.22,1747180.42,54117,78,92,1.510753489653204
2024-10-01,1590818301.28,1453385223.04,1060155291.45,132105081.79,2088613.28,55602,89,93,1.5005521493970937
2024-11-01,1632666525.88,1493121900.48,1186755906.93,134364497.47,2260117.9699999997,57555,82,92,1.3757391190101755
2024-12-01,1569950483.41,1440876486.51,1164213698.57,123956400.84,2214001.1,56056,90,93,1.34850713862787
2025-01-01,1571568134.07,1449465254.27,1115690908.38,117394829.39,1961192.63,58161,88,92,1.4086053066004995
2025-02-01,1643567656.45,1524976732.22,1251014746.32,113356059.57,2354750.06,56280,84,92,1.3137875962571492
2025-03-01,1490016997.35,1384853755.08,1150539304.91,100021197.68,1955733.54,52365,82,92,1.2950596220322566
2025-04-01,1631425034.9,1523383879.4,1246425404.66,102555381.31,2060559.0999999999,53279,76,95,1.3088830096053925
2025-05-01,1803484764.6,1687244765.61,1312429150.63,110452316.52,2494914.27,63962,85,94,1.3741578078590226
2025-06-01,1586564994.86,1485847224.77,1179438538.12,95920725.52,2089903.74,59841,86,94,1.345186666012246
2025-07-01,1948658767.02,1812571574.56,1204109195.79,129984228.84,2542700.12,78187,83,93,1.6183405739555963
2025-08-01,1780029167.7,1657860492.4,1190370637.7,116615635.56,2300005.74,65681,80,94,1.4953570857051055
2025-09-01,1757863989.54,1638516456.17,1277378332.51,113300603.19999999,2247170.14,69940,83,95,1.3761498412814501
2025-10-01,1853763856.99,1730431660.77,1273664038.48,117315639.39,2471937.07,71430,86,93,1.455457484064868
2025-11-01,1678903027.3899999,1570380145.1799998,1087619688.01,103386500.64,2286312.1500000004,62139,85,95,1.5436489849331998
2025-12-01,1817763647.51,1699729229.81,1310584840.77,111690212.42,2591607.69,68658,83,94,1.386986626857381
2026-01-01,1847330886.38,1729685599.6899998,1332863166.32,111429688.22,2541596.63,73622,83,95,1.3859868987755375
2026-02-01,1811953396.11,1706876370.0,1218746382.04,98920156.35,2922303.53,61708,84,93,1.4867354051768011
2026-03-01,1896814526.71,1789004441.5,1249994753.9,101433749.63,3005625.0,62495,82,92,1.5174579899570888
2026-04-01,1940605241.9900002,1823091883.8000002,1352641712.16,111292007.25,2476739.01,58484,83,93,1.4346779524424806
2026-05-01,1980453263.87,1853785433.6,1151370838.21,120043265.15,2789952.87,61176,79,92,1.72008287698944
